rank,name,country,latitude,longitude,easting,northing,bbox_min_e,bbox_max_e,bbox_min_n,bbox_max_n,population
1,London,England,51.50853,-0.12574,530168,180509,530000,535000,180000,185000,8961989
2,Birmingham,England,52.48142,-1.89983,406900,287060,405000,410000,285000,290000,1157603
3,Glasgow,Scotland,55.86515,-4.25763,258814,665857,255000,260000,665000,670000,626410
4,Manchester,England,53.48095,-2.23743,384341,398274,380000,385000,395000,400000,568996
5,Sheffield,England,53.38297,-1.4659,435624,387480,435000,440000,385000,390000,556500
6,Leeds,England,53.79648,-1.54785,429881,433447,425000,430000,430000,435000,536280
7,Edinburgh,Scotland,55.95206,-3.19648,325384,673872,325000,330000,670000,675000,514990
8,Liverpool,England,53.41058,-2.97794,335091,390864,335000,340000,390000,395000,496770
9,Bristol,England,51.45523,-2.59665,358640,173086,355000,360000,170000,175000,479024
10,Cardiff,Wales,51.48,-3.18,318153,176332,315000,320000,175000,180000,372089
11,Leicester,England,52.6386,-1.13169,458856,304893,455000,460000,300000,305000,368600
12,Bradford,England,53.79391,-1.75206,416431,433095,415000,420000,430000,435000,366187
13,Belfast,Northern Ireland,54.59682,-5.92541,146541,529490,145000,150000,525000,530000,348005
14,Coventry,England,52.40656,-1.51217,433283,278840,430000,435000,275000,280000,345324
15,Birkenhead,England,53.39337,-3.01479,332614,388984,330000,335000,385000,390000,325264
16,Nottingham,England,52.9536,-1.15047,457172,339918,455000,460000,335000,340000,323632
17,Islington,England,51.53622,-0.10304,531664,183629,530000,535000,180000,185000,319143
18,Reading,England,51.45625,-0.97113,471583,173532,470000,475000,170000,175000,318014
19,Kingston upon Hull,England,53.7446,-0.33525,509887,428866,505000,510000,425000,430000,314018
20,Preston,England,53.76282,-2.70452,353653,429838,350000,355000,425000,430000,313332
21,Swansea,Wales,51.62079,-3.94323,265571,193119,265000,270000,190000,195000,300352
22,Newcastle upon Tyne,England,54.97328,-1.61396,424810,564364,420000,425000,560000,565000,300125
23,Southend-on-Sea,England,51.53782,0.71433,588339,185594,585000,590000,185000,190000,295310
24,Brighton,England,50.82838,-0.13947,531129,104854,530000,535000,100000,105000,283870
25,Derby,England,52.92277,-1.47663,435284,336279,435000,440000,335000,340000,270468
26,Southampton,England,50.90395,-1.40428,441985,111777,440000,445000,110000,115000,269781
27,Wolverhampton,England,52.58547,-2.12296,391766,298636,390000,395000,295000,300000,263700
28,Plymouth,England,50.37153,-4.14305,247699,54599,245000,250000,50000,55000,260203
29,Stoke-on-Trent,England,53.00415,-2.18538,387657,345220,385000,390000,345000,350000,258366
30,Milton Keynes,England,52.04172,-0.75583,485431,238877,485000,490000,235000,240000,256385
31,City of Westminster,England,51.4975,-0.1357,529509,179265,525000,530000,175000,180000,247614
32,Northampton,England,52.25,-0.88333,476330,261901,475000,480000,260000,265000,245899
33,Oldham,England,53.54051,-2.1183,392258,404880,390000,395000,400000,405000,237110
34,Bexley,England,51.44162,0.14866,549428,173592,545000,550000,170000,175000,228000
35,Luton,England,51.87967,-0.41748,509029,221306,505000,510000,220000,225000,225262
36,Barking,England,51.53333,0.08333,544598,183659,540000,545000,180000,185000,218534
37,Archway,England,51.56733,-0.13415,529418,187033,525000,530000,185000,190000,215667
38,Portsmouth,England,50.79899,-1.09125,464139,100330,460000,465000,100000,105000,208100
39,Swindon,England,51.55797,-1.78116,415268,184366,415000,420000,180000,185000,201669
40,Dudley,England,52.5,-2.08333,394440,289125,390000,395000,285000,290000,199059
41,Aberdeen,Scotland,57.14369,-2.09814,394160,805871,390000,395000,805000,810000,198590
42,Sutton,England,51.35,-0.2,525448,162751,525000,530000,160000,165000,187600
43,St Helens,England,53.45,-2.73333,351396,395055,350000,355000,395000,400000,183200
44,Ipswich,England,52.05917,1.15545,616414,244787,615000,620000,240000,245000,178835
45,Wigan,England,53.54296,-2.63706,357881,405335,355000,360000,405000,410000,175405
46,Croydon,England,51.38333,-0.1,532316,166633,530000,535000,165000,170000,173314
47,Warrington,England,53.39254,-2.58024,361510,388569,360000,365000,385000,390000,172330
48,Walsall,England,52.58528,-1.98396,401184,298608,400000,405000,295000,300000,172141
49,Mansfield,England,53.13333,-1.2,453621,359873,450000,455000,355000,360000,171958
50,Sunderland,England,54.90465,-1.38222,439711,556833,435000,440000,555000,560000,170134
51,Ilford,England,51.55765,0.07278,543790,186343,540000,545000,185000,190000,168168
52,Slough,England,51.50949,-0.59541,497573,179886,495000,500000,175000,180000,164793
53,Bournemouth,England,50.72048,-1.8795,408603,91213,405000,410000,90000,95000,163600
54,Peterborough,England,52.57364,-0.24777,518844,298755,515000,520000,295000,300000,163379
55,Oxford,England,51.75222,-1.25596,451458,206209,450000,455000,205000,210000,162100
56,Newport,Wales,51.58774,-2.99835,330930,188126,330000,335000,185000,190000,161506
57,Enfield Town,England,51.65147,-0.08497,532581,196478,530000,535000,195000,200000,156858
58,York,England,53.95763,-1.08271,460288,451672,460000,465000,450000,455000,156135
59,Telford,England,52.67659,-2.44926,369721,308860,365000,370000,305000,310000,155570
60,Poole,England,50.71429,-1.98458,401185,90518,400000,405000,90000,95000,151500
61,Burnley,England,53.8,-2.23333,384729,433769,380000,385000,430000,435000,149422
62,Harrow,England,51.57835,-0.33208,515673,187927,515000,520000,185000,190000,149246
63,Huddersfield,England,53.64904,-1.78416,414365,416970,410000,415000,415000,420000,149017
64,Dundee,Scotland,56.46913,-2.97489,340035,731204,340000,345000,730000,735000,148210
65,Blackburn,England,53.75,-2.48333,368225,428290,365000,370000,425000,430000,146521
66,Cambridge,England,52.2,0.11667,544755,257863,540000,545000,255000,260000,145674
67,Blackpool,England,53.81667,-3.05,330968,436110,330000,335000,435000,440000,145007
68,Basildon,England,51.56844,0.45782,570438,188370,570000,575000,185000,190000,144859
69,Norwich,England,52.62783,1.29834,623323,308449,620000,625000,305000,310000,143135
70,Middlesbrough,England,54.57623,-1.23483,449560,520382,445000,450000,520000,525000,142707
71,Bolton,England,53.58333,-2.43333,371409,409725,370000,375000,405000,410000,141331
72,Stockport,England,53.40979,-2.15761,389620,390342,385000,390000,390000,395000,139052
73,High Wycombe,England,51.62907,-0.74934,486664,192991,485000,490000,190000,195000,133204
74,Gloucester,England,51.86568,-2.2431,383357,218595,380000,385000,215000,220000,132416
75,Exeter,England,50.7236,-3.52751,292275,92666,290000,295000,90000,95000,130709
76,Colchester,England,51.88921,0.90421,599950,225170,595000,600000,225000,230000,130245
77,Tottenham,England,51.60373,-0.06794,533900,191200,530000,535000,190000,195000,130000
78,Salford,England,53.48771,-2.29042,380827,399039,380000,385000,395000,400000,129794
79,Newcastle under Lyme,England,53.0,-2.23333,384438,344768,380000,385000,340000,345000,127727
80,Solihull,England,52.41426,-1.78094,414997,279607,410000,415000,275000,280000,126577
81,Watford,England,51.65531,-0.39602,511054,196387,510000,515000,195000,200000,125707
82,Saint Peters,England,51.36667,1.41667,637924,168609,635000,640000,165000,170000,125370
83,Crawley,England,51.11303,-0.18312,527275,136429,525000,530000,135000,140000,124008
84,Burton upon Trent,England,52.80728,-1.64263,424188,323363,420000,425000,320000,325000,122199
85,Cheltenham,England,51.90006,-2.07972,394612,222394,390000,395000,220000,225000,118836
86,Rotherham,England,53.43012,-1.35678,442835,392785,440000,445000,390000,395000,117618
87,Worthing,England,50.81795,-0.37538,514541,103302,510000,515000,100000,105000,113866
88,Doncaster,England,53.52285,-1.13116,457700,403260,455000,460000,400000,405000,113566
89,Chesterfield,England,53.25,-1.41667,439019,372713,435000,440000,370000,375000,113057
90,Chelmsford,England,51.73575,0.46958,570624,207001,570000,575000,205000,210000,111511
91,Sutton Coldfield,England,52.56667,-1.81667,412524,296554,410000,415000,295000,300000,109899
92,Wakefield,England,53.68331,-1.49768,433275,420878,430000,435000,420000,425000,109766
93,Walthamstow,England,51.59067,-0.02077,537205,189835,535000,540000,185000,190000,109424
94,Dagenham,England,51.55,0.16667,550323,185681,550000,555000,185000,190000,108368
95,Basingstoke,England,51.26249,-1.08708,463795,151877,460000,465000,150000,155000,107642
96,Maidstone,England,51.26667,0.51667,575669,154954,575000,580000,150000,155000,107627
97,Bedford,England,52.13459,-0.46632,505069,249585,505000,510000,245000,250000,106940
98,Woking,England,51.31903,-0.55893,500521,158755,500000,505000,155000,160000,103900
99,Lincoln,England,53.22683,-0.53792,497703,370974,495000,500000,370000,375000,103813
100,West Bromwich,England,52.51868,-1.9945,400470,291200,400000,405000,290000,295000,103112
101,Eastbourne,England,50.76871,0.28453,561193,99057,560000,565000,95000,100000,101689
102,Worcester,England,52.18935,-2.22001,385056,254590,385000,390000,250000,255000,101659
103,Bath,England,51.3751,-2.36172,374919,164067,370000,375000,160000,165000,101557
104,Gillingham,England,51.38914,0.54863,577425,168649,575000,580000,165000,170000,101187
105,Rochdale,England,53.61766,-2.1552,389831,413469,385000,390000,410000,415000,97550
106,Hemel Hempstead,England,51.75368,-0.44975,507105,207246,505000,510000,205000,210000,95961
107,Romford,England,51.57515,0.18582,551567,188517,550000,555000,185000,190000,95000
108,Hayes,England,51.51579,-0.4234,509495,180830,505000,510000,180000,185000,93928
109,Harlow,England,51.77655,0.11158,545775,210762,545000,550000,210000,215000,93300
110,Hastings,England,50.85568,0.58009,581694,109412,580000,585000,105000,110000,92855
111,High Peak,England,53.36797,-1.84536,410387,385689,410000,415000,385000,390000,92666
112,Darlington,England,54.52429,-1.55039,429199,514426,425000,430000,510000,515000,92363
113,Stevenage,England,51.90224,-0.20256,523759,224159,520000,525000,220000,225000,91774
114,Southport,England,53.64581,-3.01008,333326,417063,330000,335000,415000,420000,91703
115,Chester,England,53.1905,-2.89189,340505,366306,340000,345000,365000,370000,90524
116,Wembley,England,51.55242,-0.29686,518180,185100,515000,520000,185000,190000,90045
117,Grays,England,51.47566,0.32521,561577,177752,560000,565000,175000,180000,89755
118,Harrogate,England,53.99078,-1.5373,430435,455070,430000,435000,455000,460000,89060
119,Hartlepool,England,54.68554,-1.21028,451010,532563,450000,455000,530000,535000,88855
120,Nuneaton,England,52.52323,-1.46523,436381,291840,435000,440000,290000,295000,88813
121,Redditch,England,52.3065,-1.94569,403800,267600,400000,405000,265000,270000,87847
122,Fulham,England,51.48026,-0.1993,525141,177238,525000,530000,175000,180000,87161
123,Grimsby,England,53.56539,-0.07553,527553,409364,525000,530000,405000,410000,86138
124,Cannock,England,52.69045,-2.03085,398012,310308,395000,400000,310000,315000,86121
125,St Albans,England,51.75,-0.33333,515150,207014,515000,520000,205000,210000,84561
126,South Shields,England,54.99859,-1.4323,436415,567260,435000,440000,565000,570000,83655
127,Derry,Northern Ireland,54.9981,-7.30934,60608,579959,60000,65000,575000,580000,83652
128,Weston-super-Mare,England,51.34603,-2.97665,332075,161225,330000,335000,160000,165000,82903
129,Halifax,England,53.71667,-1.85,409997,424483,405000,410000,420000,425000,82624
130,Edmonton,England,51.62561,-0.05798,534525,193652,530000,535000,190000,195000,82000
131,Tamworth,England,52.63399,-1.69587,420680,304070,420000,425000,300000,305000,81964
132,Gosport,England,50.79509,-1.12902,461483,99864,460000,465000,95000,100000,81952
133,Scunthorpe,England,53.57905,-0.65437,489191,410003,485000,490000,410000,415000,81576
134,Chatham,England,51.37891,0.52786,576019,167461,575000,580000,165000,170000,80596
135,Stockton-on-Tees,England,54.56848,-1.3187,444147,519464,440000,445000,515000,520000,79957
136,Carlisle,England,54.8951,-2.9382,339925,555999,335000,340000,555000,560000,78470
137,Southall,England,51.50896,-0.3713,513127,180149,510000,515000,180000,185000,78253
138,Rugby,England,52.37092,-1.26417,450195,275018,450000,455000,275000,280000,78117
139,Gateshead,England,54.96209,-1.60168,425603,563123,425000,430000,560000,565000,77649
140,Lisburn,Northern Ireland,54.52337,-6.03527,138979,521725,135000,140000,520000,525000,77506
141,Paisley,Scotland,55.83173,-4.43254,247740,662510,245000,250000,660000,665000,77270
142,Shrewsbury,England,52.71009,-2.75208,349286,312757,345000,350000,310000,315000,76782
143,Fylde,England,53.83333,-2.91667,339770,437842,335000,340000,435000,440000,76500
144,Crewe,England,53.09787,-2.44161,370527,355721,370000,375000,355000,360000,76437
145,Bracknell,England,51.41363,-0.75054,486990,169030,485000,490000,165000,170000,76103
146,East Kilbride,Scotland,55.76412,-4.17669,263525,654454,260000,265000,650000,655000,75310
147,Hove,England,50.83088,-0.1672,529170,105083,525000,530000,105000,110000,75174
148,Aylesbury,England,51.81665,-0.81458,481810,213778,480000,485000,210000,215000,74748
149,Purley,England,51.33678,-0.11201,531613,161435,530000,535000,160000,165000,72000
150,Guildford,England,51.23536,-0.57427,499633,149429,495000,500000,145000,150000,71873
